Round,Prompt No.,Prompt,Output,Root Cause Fixed,BCR Score
1,1,"Explain how inflation affects investment returns. Refine this financial prompt to fix the issue: Lacks clarity or precision. Use factual, concise, on-topic content only. 
The following is a list of financial terms that are commonly used in the financial industry.The following is a list of the most common types of insurance policies. Each type of insurance policy has its own specific benefits and risks. It is important to understand the risks and benefits of each type of insurance policy before deciding on the type of insurance policy that best suits your needs.The following is a list of the most common types of insurance policies. Each type of insurance policy has its own specific benefits","Explain how inflation affects investment returns. Refine this financial prompt to fix the issue: Lacks clarity or precision. Use factual, concise, on-topic content only.  The following is a list of fi...",Lacks clarity or precision,0.38
1,2,"Explain how inflation affects investment returns. Refine this financial prompt to fix the issue: Lacks clarity or precision. Use factual, concise, on-topic content only. 
The following is a list of financial terms that are commonly used in the context of investing.The following is a list of the most common questions about the CCIE Routing and Switching certification exam.
1. What is the CCIE Routing and Switching certification exam?
The CCIE Routing and Switching certification exam is a computer networking certification exam. The CCIE Routing and Switching certification exam is a computer networking certification exam. The CCI","Explain how inflation affects investment returns. Refine this financial prompt to fix the issue: Lacks clarity or precision. Use factual, concise, on-topic content only.  The following is a list of fi...",Lacks clarity or precision,0.257
1,3,"Explain how inflation affects investment returns. Refine this financial prompt to fix the issue: Lacks clarity or precision. Use factual, concise, on-topic content only. 
The prompt is intended to be used as a starting point for a discussion of the topic. It is not intended to be a comprehensive answer to the question.The following is a list of the most common questions about the S-Class.
The S-Class is a luxury sedan that is offered by Mercedes-Benz. It is the most expensive Mercedes-Benz model. The S-Class is also the most luxurious and fastest Mercedes-Benz model. The S-Class is","Explain how inflation affects investment returns. Refine this financial prompt to fix the issue: Lacks clarity or precision. Use factual, concise, on-topic content only.  The prompt is intended to be ...",Lacks clarity or precision,0.336
1,4,"Explain how inflation affects investment returns. Refine this financial prompt to fix the issue: Lacks clarity or precision. Use factual, concise, on-topic content only. 
The inflation rate is a measure of the annual change in the prices of goods and services in the economy. It is a key indicator of the general state of the economy. The inflation rate is a measure of the annual change in the prices of goods and services in the economy. It is a key indicator of the general state of the economy. The inflation rate is a measure of the annual change in the prices of goods and services in the economy. It is a key indicator of the general state of","Explain how inflation affects investment returns. Refine this financial prompt to fix the issue: Lacks clarity or precision. Use factual, concise, on-topic content only.  The inflation rate is a measu...",Lacks clarity or precision,0.833
1,5,"Explain how inflation affects investment returns. Refine this financial prompt to fix the issue: Lacks clarity or precision. Use factual, concise, on-topic content only. 
I have a question about the following statement: ""The inflation rate is the percentage change in the price of a basket of goods and services over a period of time.""The following is a list of all the known planets in the Solar System.

The planets are listed in order of increasing distance from the Sun. The planets are numbered from the Sun, starting with the Sun. The planets are numbered from the Sun, starting with the Sun, and are listed in order of increasing distance from","Explain how inflation affects investment returns. Refine this financial prompt to fix the issue: Lacks clarity or precision. Use factual, concise, on-topic content only.  I have a question about the f...",Lacks clarity or precision,0.537
1,6,"Explain how inflation affects investment returns. Refine this financial prompt to fix the issue: Lacks clarity or precision. Use factual, concise, on-topic content only. 
The following is an example of a financial prompt that is not clear or precise: ""Investment returns are affected by inflation.""The following is a list of the most popular and most frequently asked questions about the website.
Q: How do I get started?
A: To get started, you can either register for a free account or sign up for a paid account.
Q: How do I get started with a paid account?
A: To get started with a paid account","Explain how inflation affects investment returns. Refine this financial prompt to fix the issue: Lacks clarity or precision. Use factual, concise, on-topic content only.  The following is an example o...",Lacks clarity or precision,0.468
1,7,"Explain how inflation affects investment returns. Refine this financial prompt to fix the issue: Lacks clarity or precision. Use factual, concise, on-topic content only. 
The following is an example of a financial prompt that is not clear or precise: The value of a company's stock can be affected by the company's stock price, the company's earnings, and the company's share price.The following is a list of all the songs that have been released on the album ""The Greatest Hits of the 80s"". The songs are listed in chronological order.
""The Greatest Hits of the 80s"" is the first album by","Explain how inflation affects investment returns. Refine this financial prompt to fix the issue: Lacks clarity or precision. Use factual, concise, on-topic content only.  The following is an example o...",Lacks clarity or precision,0.231
1,8,"Explain how inflation affects investment returns. Refine this financial prompt to fix the issue: Lacks clarity or precision. Use factual, concise, on-topic content only. 
The following is a list of common financial terms and definitions.The following is a list of the most common questions we get asked. If you have a question that is not listed, please contact us.
1. What is a “Solar Roof”?
A Solar Roof is a roof that is designed to collect solar energy and convert it to electricity. Solar Roofs are typically installed on the roof of a home or business. The roof is designed to collect the sun’s","Explain how inflation affects investment returns. Refine this financial prompt to fix the issue: Lacks clarity or precision. Use factual, concise, on-topic content only.  The following is a list of co...",Lacks clarity or precision,0.434
1,9,"Explain how inflation affects investment returns. Refine this financial prompt to fix the issue: Lacks clarity or precision. Use factual, concise, on-topic content only. 
The following is an example of a financial prompt that is not clear or precise: ""The stock market is a great investment, but it is not a sure thing.""The following is a list of the most common questions we receive from our clients. If you have a question that is not listed here, please contact us.
1. How do I get started with a new business?
2. How do I get started with a new business?
3. How do I get started","Explain how inflation affects investment returns. Refine this financial prompt to fix the issue: Lacks clarity or precision. Use factual, concise, on-topic content only.  The following is an example o...",Lacks clarity or precision,0.342
1,10,"Explain how inflation affects investment returns. Refine this financial prompt to fix the issue: Lacks clarity or precision. Use factual, concise, on-topic content only. 
The following is a list of financial terms that are commonly used in the financial industry.

Financial termsQ: How to use a variable in a function? I have a function that takes a variable as a parameter. I want to use the variable in the function. How can I do that?
Here is the code:
def my_func(x):
    return x

my_func(1)
my_func(2)
my_func(","Explain how inflation affects investment returns. Refine this financial prompt to fix the issue: Lacks clarity or precision. Use factual, concise, on-topic content only.  The following is a list of fi...",Lacks clarity or precision,0.533
